{
    "geometry": [
        {
            "comment":"main_wall",
            "type":"rectangle",
            "p1":[-4.25, -2, -9.85],
            "p2":[3.33, -2, -12.63],
            "p3":[3.33, 2, -12.63],
            "p4":[-4.25, 2, -9.85],


            "ac":[0.9,0.25,0.45],
            "dc":[1,0,0],
            "sc":[0,0,0],

            "ka":0,
            "kd":1,
            "ks":0,

            "pc":0,
            "visible": true
        },
        {
            "comment":"main_ball",
            "type":"sphere",
            "centre":[2,0,-8],
            "radius":0.7,


            "ac":[0.384,0.682,0.773],
            "dc":[1,0,0],
            "sc":[0,0,0],

            "ka":0,
            "kd":1,
            "ks":0,

            "pc":0,
            "visible": true

        }
    ],
    "light": [
        {
            "type":"point",
            "centre":[7, 0, 0],
            "id":[1, 1, 1],
            "is":[1, 1, 1],
            "use": true
        }
    ],
    "output": [
        {
            "filename":"40210881.ppm",
            "size":[890,500],
            "lookat":[0,0,-1],
            "up":[0,1,0],
            "fov": 30,
            "centre":[0,0,0],
            "ai":[1,1,1],
            "bkc":[0.5,0.5,0.5],
            "antialiasing":true
        }
    ]
}